shift_type,no_tta,dynamic_untrained,cosa_original,cosa_plus,dynamic_meta_trained
Level,1.514135,1.514134,1.390041,1.370746,1.350300
Variance,1.401813,1.401811,1.312613,1.303288,1.305544
Trend,1.092508,1.092506,0.996507,0.985433,0.972506
Spike,1.071504,1.071502,0.979771,0.969925,0.957617
