method,test_mse,test_mae,mse_improvement_pct,mae_improvement_pct,notes
Base frozen backbone,0.19521760940551758,0.23449333012104034,0.0,0.0,No adapter
DynamicRegimeAdapter untrained,0.19521856307983398,0.23449373245239258,-0.0004885185917963073,-0.00017157475311822815,No test-time backprop
DynamicRegimeAdapter meta-trained,0.1918548345565796,0.24386286735534668,1.722577619497754,-3.9956519144787555,No test-time backprop; validation meta-trained
COSA original,0.19127152860164642,0.2373971939086914,2.0213754363081673,-1.2383566671820265,"Test-time backprop, 492 adaptation steps"
COSA+,0.191641166806221,0.23773546516895294,1.8320286833691173,-1.3826129068315411,"Test-time backprop, 492 adaptation steps"
