{
  "split": "test",
  "base_mse": 0.7051164507865906,
  "base_mae": 0.6110584735870361,
  "dynamic_mse": 0.7051162719726562,
  "dynamic_mae": 0.6110583543777466,
  "mse_delta": -1.7881393432617188e-07,
  "mae_delta": -1.1920928955078125e-07,
  "mse_relative_improvement_pct": 2.535948908644059e-05,
  "mae_relative_improvement_pct": 1.9508655668687425e-05,
  "num_samples": 2765,
  "dataset": "ETTh1",
  "model": "DLinear",
  "pred_len": 720,
  "regime_checkpoint": "",
  "latent_dim": 16,
  "hidden_dim": 64
}